{"cameraMode":{"drawMode":0,"name":"Shaded","section":"Shading Mode"},"sceneLighting":false,"audioPlay":false,"sceneViewState":{"showFog":true,"showMaterialUpdate":false,"showSkybox":true,"showFlares":true,"showImageEffects":true,"showParticleSystems":true},"in2DMode":false,"pivot":{"x":4.828999996185303,"y":1.3599998950958253,"z":0.9900000095367432},"rotation":{"x":0.2166644185781479,"y":-0.2775147557258606,"z":0.064394511282444,"w":0.9337592124938965},"size":1.6450588703155518,"orthographic":false}