{"cameraMode":{"drawMode":0,"name":"Shaded","section":"Shading Mode"},"sceneLighting":false,"audioPlay":false,"sceneViewState":{"showFog":true,"showMaterialUpdate":false,"showSkybox":true,"showFlares":true,"showImageEffects":true,"showParticleSystems":true},"in2DMode":false,"pivot":{"x":3.299139976501465,"y":-0.8524179458618164,"z":3.332338571548462},"rotation":{"x":-0.2825515568256378,"y":0.2828390598297119,"z":-0.08758833259344101,"w":-0.9124116897583008},"size":5.060281753540039,"orthographic":false}