{"cameraMode":{"drawMode":0,"name":"Shaded","section":"Shading Mode"},"sceneLighting":false,"audioPlay":false,"sceneViewState":{"showFog":true,"showMaterialUpdate":false,"showSkybox":false,"showFlares":true,"showImageEffects":true,"showParticleSystems":true},"in2DMode":false,"pivot":{"x":8.520000457763672,"y":7.389999866485596,"z":13.180000305175782},"rotation":{"x":0.06685914099216461,"y":0.9314308762550354,"z":-0.222022145986557,"w":0.2804886996746063},"size":0.927361786365509,"orthographic":false}