{"cameraMode":{"drawMode":0,"name":"Shaded","section":"Shading Mode"},"sceneLighting":false,"audioPlay":false,"sceneViewState":{"showFog":true,"showMaterialUpdate":false,"showSkybox":true,"showFlares":true,"showImageEffects":true,"showParticleSystems":true},"in2DMode":false,"pivot":{"x":5.111238479614258,"y":12.988547325134278,"z":15.214223861694336},"rotation":{"x":0.06685914099216461,"y":0.9314308762550354,"z":-0.222022145986557,"w":0.2804886996746063},"size":11.925186157226563,"orthographic":false}