{"cameraMode":{"drawMode":0,"name":"Shaded","section":"Shading Mode"},"sceneLighting":true,"audioPlay":false,"sceneViewState":{"showFog":true,"showMaterialUpdate":false,"showSkybox":true,"showFlares":true,"showImageEffects":true,"showParticleSystems":true},"in2DMode":false,"pivot":{"x":13.212069511413575,"y":7.8964996337890629,"z":22.040699005126954},"rotation":{"x":0.2001674920320511,"y":0.7186997532844544,"z":-0.23011097311973573,"w":0.6249967217445374},"size":4.930776596069336,"orthographic":false}