{"cameraMode":{"drawMode":0,"name":"Shaded","section":"Shading Mode"},"sceneLighting":false,"audioPlay":false,"sceneViewState":{"showFog":true,"showMaterialUpdate":false,"showSkybox":true,"showFlares":true,"showImageEffects":true,"showParticleSystems":true},"in2DMode":false,"pivot":{"x":15.361459732055664,"y":9.449626922607422,"z":25.34794807434082},"rotation":{"x":0.04847909137606621,"y":0.30884212255477908,"z":-0.015764625743031503,"w":0.9497461915016174},"size":5.250012397766113,"orthographic":false}