{"cameraMode":{"drawMode":0,"name":"Shaded","section":"Shading Mode"},"sceneLighting":false,"audioPlay":false,"sceneViewState":{"showFog":true,"showMaterialUpdate":false,"showSkybox":true,"showFlares":true,"showImageEffects":true,"showParticleSystems":true},"in2DMode":false,"pivot":{"x":-57.06294631958008,"y":-39.560890197753909,"z":-36.72800064086914},"rotation":{"x":-0.10764827579259873,"y":0.8503237366676331,"z":-0.19140741229057313,"w":-0.47831425070762637},"size":67.9144058227539,"orthographic":false}