{"cameraMode":{"drawMode":0,"name":"Shaded","section":"Shading Mode"},"sceneLighting":false,"audioPlay":false,"sceneViewState":{"showFog":true,"showMaterialUpdate":false,"showSkybox":false,"showFlares":true,"showImageEffects":true,"showParticleSystems":true},"in2DMode":false,"pivot":{"x":0.1946941614151001,"y":1.686344861984253,"z":-0.6965007781982422},"rotation":{"x":0.23307184875011445,"y":0.15874239802360536,"z":-0.03859530761837959,"w":0.9586415886878967},"size":3.786020040512085,"orthographic":false}