{"cameraMode":{"drawMode":0,"name":"Shaded","section":"Shading Mode"},"sceneLighting":true,"audioPlay":false,"sceneViewState":{"showFog":true,"showMaterialUpdate":false,"showSkybox":true,"showFlares":true,"showImageEffects":true,"showParticleSystems":true},"in2DMode":false,"pivot":{"x":5.972595691680908,"y":1.6216578483581544,"z":1.9723581075668336},"rotation":{"x":0.2903118133544922,"y":-0.5498097538948059,"z":0.21167229115962983,"w":0.7540786862373352},"size":1.8073949813842774,"orthographic":false}