{"cameraMode":{"drawMode":0,"name":"Shaded","section":"Shading Mode"},"sceneLighting":false,"audioPlay":false,"sceneViewState":{"showFog":true,"showMaterialUpdate":false,"showSkybox":false,"showFlares":true,"showImageEffects":true,"showParticleSystems":true},"in2DMode":false,"pivot":{"x":-1.8460859060287476,"y":1.833772897720337,"z":3.8650708198547365},"rotation":{"x":0.27435964345932009,"y":0.16060633957386018,"z":-0.04653102159500122,"w":0.9469786882400513},"size":2.3747806549072267,"orthographic":false}