{"cameraMode":{"drawMode":0,"name":"Shaded","section":"Shading Mode"},"sceneLighting":true,"audioPlay":false,"sceneViewState":{"showFog":true,"showMaterialUpdate":false,"showSkybox":true,"showFlares":true,"showImageEffects":true,"showParticleSystems":true},"in2DMode":false,"pivot":{"x":-4.563961982727051,"y":-3.7525761127471926,"z":-4.4494547843933109},"rotation":{"x":0.03488754481077194,"y":-0.9605943560600281,"z":0.2366013377904892,"w":0.14164334535598756},"size":7.5554375648498539,"orthographic":false}