{"cameraMode":{"drawMode":0,"name":"Shaded","section":"Shading Mode"},"sceneLighting":false,"audioPlay":false,"sceneViewState":{"showFog":true,"showMaterialUpdate":false,"showSkybox":false,"showFlares":true,"showImageEffects":true,"showParticleSystems":true},"in2DMode":false,"pivot":{"x":-0.4208872318267822,"y":1.0473005771636963,"z":4.412203788757324},"rotation":{"x":0.3356795310974121,"y":0.33267948031425478,"z":-0.1280783712863922,"w":0.8719178438186646},"size":2.974780559539795,"orthographic":false}