{"cameraMode":{"drawMode":0,"name":"Shaded","section":"Shading Mode"},"sceneLighting":true,"audioPlay":false,"sceneViewState":{"showFog":true,"showMaterialUpdate":false,"showSkybox":true,"showFlares":true,"showImageEffects":true,"showParticleSystems":true},"in2DMode":false,"pivot":{"x":-609.4927368164063,"y":-619.3762817382813,"z":-118.71994018554688},"rotation":{"x":-0.24045643210411073,"y":0.7195457816123962,"z":-0.2991570234298706,"w":-0.5788443684577942},"size":448.8143005371094,"orthographic":false}