{"cameraMode":{"drawMode":0,"name":"Shaded","section":"Shading Mode"},"sceneLighting":false,"audioPlay":false,"sceneViewState":{"showFog":true,"showMaterialUpdate":false,"showSkybox":true,"showFlares":true,"showImageEffects":true,"showParticleSystems":true},"in2DMode":false,"pivot":{"x":17.838098526000978,"y":10.240489959716797,"z":3.2633895874023439},"rotation":{"x":-0.16604794561862946,"y":-0.8331214189529419,"z":0.39414769411087038,"w":-0.35094958543777468},"size":18.437305450439454,"orthographic":false}