{"cameraMode":{"drawMode":0,"name":"Shaded","section":"Shading Mode"},"sceneLighting":false,"audioPlay":false,"sceneViewState":{"showFog":true,"showMaterialUpdate":false,"showSkybox":true,"showFlares":true,"showImageEffects":true,"showParticleSystems":true},"in2DMode":false,"pivot":{"x":58.31722640991211,"y":-484.9151611328125,"z":233.77601623535157},"rotation":{"x":0.5237582325935364,"y":0.062224335968494418,"z":-0.03840251639485359,"w":0.8487412929534912},"size":313.615234375,"orthographic":false}